order_line_number,status
10107-2,Shipped
10121-5,Shipped
10134-2,Shipped
10145-6,Shipped
10159-14,Shipped
10168-1,Shipped
10180-9,Shipped
10188-1,Shipped
10201-2,Shipped
10211-14,Shipped
10223-1,Shipped
10237-7,Shipped
10251-2,Shipped
10263-2,Shipped
10275-1,Shipped
10285-6,Shipped
10299-9,Shipped
10309-5,Shipped
10318-1,Shipped
10329-1,Shipped
10341-9,Shipped
10361-13,Shipped
10375-12,Shipped
10388-4,Shipped
10403-7,Shipped
10417-2,Disputed
10103-11,Shipped
10112-1,Shipped
10126-11,Shipped
10140-11,Shipped
10150-8,Shipped
10163-1,Shipped
10174-4,Shipped
10183-8,Shipped
10194-11,Shipped
10206-6,Shipped
10215-3,Shipped
10228-2,Shipped
10245-9,Shipped
10258-6,Shipped
10270-9,Shipped
10280-2,Shipped
10291-11,Shipped
10304-6,Shipped
10312-3,Shipped
10322-1,Shipped
10333-3,Shipped
10347-1,Shipped
10357-10,Shipped
10369-2,Shipped
10381-3,Shipped
10391-4,Shipped
10411-9,Shipped
10424-6,In Process
10107-5,Shipped
10120-3,Shipped
10134-5,Shipped
10145-9,Shipped
10159-17,Shipped
10168-4,Shipped
10180-12,Shipped
10188-4,Shipped
10201-5,Shipped
10210-2,Shipped
10223-4,Shipped
10236-1,Shipped
10251-5,Shipped
10263-5,Shipped
10275-4,Shipped
10285-9,Shipped
10298-1,Shipped
10308-2,Shipped
10318-4,Shipped
10329-2,Shipped
10339-4,Shipped
10361-8,Shipped
10374-5,Shipped
10388-5,Shipped
10402-1,Shipped
10417-5,Disputed
10107-4,Shipped
10120-2,Shipped
10134-4,Shipped
10145-8,Shipped
10159-16,Shipped
10168-3,Shipped
10180-11,Shipped
10188-3,Shipped
10201-4,Shipped
10210-1,Shipped
10223-3,Shipped
10237-9,Shipped
10251-4,Shipped
10263-4,Shipped
10275-3,Shipped
10285-8,Shipped
10299-11,Shipped
10308-1,Shipped
10318-3,Shipped
10329-3,Shipped
10339-3,Shipped
10362-4,Shipped
10374-1,Shipped
10388-7,Shipped
10403-9,Shipped
10417-4,Disputed
10105-2,Shipped
10119-11,Shipped
10129-2,Shipped
10143-15,Shipped
10155-13,Shipped
10167-9,Cancelled
10178-12,Shipped
10186-9,Shipped
10197-6,Shipped
10209-8,Shipped
10222-12,Shipped
10248-3,Cancelled
10261-1,Shipped
10273-4,Shipped
10283-6,Shipped
10295-1,Shipped
10307-9,Shipped
10316-17,Shipped
10325-6,Shipped
10337-8,Shipped
10350-5,Shipped
10359-6,Shipped
10373-3,Shipped
10384-4,Shipped
10395-2,Shipped
10400-9,Shipped
10414-3,On Hold
10103-4,Shipped
10114-8,Shipped
10126-4,Shipped
10140-4,Shipped
10150-1,Shipped
10164-2,Resolved
10175-9,Shipped
10183-1,Shipped
10194-4,Shipped
10207-15,Shipped
10217-4,Shipped
10229-9,Shipped
10245-2,Shipped
10259-12,Shipped
10270-2,Shipped
10281-9,Shipped
10291-4,Shipped
10305-13,Shipped
10313-7,Shipped
10322-8,Shipped
10334-2,On Hold
10347-2,Shipped
10357-9,Shipped
10370-4,Shipped
10381-6,Shipped
10391-7,Shipped
10411-2,Shipped
10425-12,In Process
10108-6,Shipped
10122-10,Shipped
10135-7,Shipped
10147-7,Shipped
10159-2,Shipped
10169-2,Shipped
10181-14,Shipped
10191-3,Shipped
10203-8,Shipped
10211-2,Shipped
10225-9,Shipped
10238-3,Shipped
10253-13,Cancelled
10266-14,Shipped
10276-3,Shipped
10287-12,Shipped
10300-5,Shipped
10310-10,Shipped
10320-3,Shipped
10329-5,Shipped
10341-2,Shipped
10363-3,Shipped
10375-7,Shipped
10389-4,Shipped
10419-13,Shipped
10105-15,Shipped
10117-9,Shipped
10127-2,Shipped
10142-12,Shipped
10153-11,Shipped
10165-3,Shipped
10176-2,Shipped
10185-13,Shipped
10196-5,Shipped
10208-13,Shipped
10220-2,Shipped
10231-2,Shipped
10247-2,Shipped
10272-2,Shipped
10282-5,Shipped
10293-8,Shipped
10306-13,Shipped
10314-5,Shipped
10325-8,Shipped
10336-10,Shipped
10348-8,Shipped
10359-8,Shipped
10371-6,Shipped
10382-10,Shipped
10395-1,Shipped
10413-2,Shipped
10103-8,Shipped
10113-2,Shipped
10126-8,Shipped
10140-8,Shipped
10150-5,Shipped
10164-6,Resolved
10174-1,Shipped
10183-5,Shipped
10194-8,Shipped
10206-3,Shipped
10216-1,Shipped
10229-13,Shipped
10245-6,Shipped
10258-3,Shipped
10270-6,Shipped
10281-13,Shipped
10291-8,Shipped
10304-3,Shipped
10313-11,Shipped
10322-9,Shipped
10333-6,Shipped
10347-3,Shipped
10357-8,Shipped
10370-8,Shipped
10381-1,Shipped
10391-9,Shipped
10411-6,Shipped
10424-3,In Process
10107-1,Shipped
10121-4,Shipped
10134-1,Shipped
10145-5,Shipped
10159-13,Shipped
10169-13,Shipped
10180-8,Shipped
10189-1,Shipped
10201-1,Shipped
10211-13,Shipped
10224-6,Shipped
10237-6,Shipped
10251-1,Shipped
10263-1,Shipped
10276-14,Shipped
10285-5,Shipped
10299-8,Shipped
10309-4,Shipped
10319-9,Shipped
10329-6,Shipped
10341-8,Shipped
10362-1,Shipped
10375-13,Shipped
10388-6,Shipped
10403-6,Shipped
10417-1,Disputed
10104-1,Shipped
10117-10,Shipped
10127-3,Shipped
10142-13,Shipped
10153-12,Shipped
10165-4,Shipped
10176-3,Shipped
10185-14,Shipped
10196-6,Shipped
10208-14,Shipped
10220-3,Shipped
10230-1,Shipped
10247-3,Shipped
10272-3,Shipped
10282-6,Shipped
10293-9,Shipped
10306-14,Shipped
10314-6,Shipped
10324-1,Shipped
10336-11,Shipped
10348-4,Shipped
10358-5,Shipped
10372-4,Shipped
10382-11,Shipped
10413-3,Shipped
10108-4,Shipped
10122-8,Shipped
10135-5,Shipped
10147-5,Shipped
10160-6,Shipped
10170-4,Shipped
10181-12,Shipped
10191-1,Shipped
10203-6,Shipped
10212-16,Shipped
10225-7,Shipped
10238-1,Shipped
10253-11,Cancelled
10266-12,Shipped
10276-1,Shipped
10287-10,Shipped
10300-3,Shipped
10310-8,Shipped
10320-1,Shipped
10329-13,Shipped
10341-1,Shipped
10363-4,Shipped
10376-1,Shipped
10389-6,Shipped
10419-11,Shipped
10105-14,Shipped
10117-8,Shipped
10127-1,Shipped
10142-11,Shipped
10153-10,Shipped
10165-2,Shipped
10176-1,Shipped
10185-12,Shipped
10196-4,Shipped
10208-12,Shipped
10220-1,Shipped
10231-1,Shipped
10247-1,Shipped
10272-1,Shipped
10282-4,Shipped
10293-7,Shipped
10306-12,Shipped
10314-4,Shipped
10325-1,Shipped
10336-1,Shipped
10349-10,Shipped
10359-5,Shipped
10372-1,Shipped
10382-12,Shipped
10396-3,Shipped
10413-1,Shipped
10108-7,Shipped
10122-11,Shipped
10135-8,Shipped
10147-8,Shipped
10159-3,Shipped
10169-3,Shipped
10181-15,Shipped
10191-4,Shipped
10203-9,Shipped
10211-3,Shipped
10225-10,Shipped
10238-4,Shipped
10253-14,Cancelled
10266-15,Shipped
10276-4,Shipped
10287-13,Shipped
10300-6,Shipped
10310-11,Shipped
10320-4,Shipped
10329-14,Shipped
10341-10,Shipped
10363-5,Shipped
10377-5,Shipped
10389-7,Shipped
10419-14,Shipped
10104-9,Shipped
10115-5,Shipped
10127-11,Shipped
10141-5,Shipped
10151-3,Shipped
10165-12,Shipped
10175-1,Shipped
10184-6,Shipped
10195-6,Shipped
10207-7,Shipped
10219-2,Shipped
10229-1,Shipped
10246-5,Shipped
10259-4,Shipped
10271-5,Shipped
10281-1,Shipped
10292-8,Shipped
10305-5,Shipped
10314-14,Shipped
10324-7,Shipped
10336-3,Shipped
10349-9,Shipped
10358-9,Shipped
10371-4,Shipped
10382-13,Shipped
10412-5,Shipped
10425-4,In Process
10108-3,Shipped
10122-7,Shipped
10135-4,Shipped
10147-4,Shipped
10160-5,Shipped
10170-3,Shipped
10181-11,Shipped
10192-16,Shipped
10203-5,Shipped
10212-15,Shipped
10225-6,Shipped
10239-5,Shipped
10253-10,Cancelled
10266-11,Shipped
10277-1,Shipped
10287-9,Shipped
10300-2,Shipped
10310-7,Shipped
10321-15,Shipped
10329-15,Shipped
10341-7,Shipped
10363-6,Shipped
10377-1,Shipped
10389-8,Shipped
10405-5,Shipped
10419-10,Shipped
10103-10,Shipped
10113-4,Shipped
10126-10,Shipped
10140-10,Shipped
10150-7,Shipped
10164-8,Resolved
10174-3,Shipped
10183-7,Shipped
10194-10,Shipped
10206-5,Shipped
10215-2,Shipped
10228-1,Shipped
10245-8,Shipped
10258-5,Shipped
10270-8,Shipped
10280-1,Shipped
10291-10,Shipped
10304-5,Shipped
10312-2,Shipped
10322-10,Shipped
10333-7,Shipped
10347-5,Shipped
10357-1,Shipped
10370-1,Shipped
10381-2,Shipped
10391-10,Shipped
10411-8,Shipped
10424-5,In Process
10109-4,Shipped
10122-2,Shipped
10136-2,Shipped
10148-13,Shipped
10161-12,Shipped
10171-2,Shipped
10181-6,Shipped
10192-11,Shipped
10204-17,Shipped
10212-10,Shipped
10225-1,Shipped
10240-3,Shipped
10253-5,Cancelled
10266-6,Shipped
10278-6,Shipped
10287-4,Shipped
10301-8,Shipped
10310-2,Shipped
10321-10,Shipped
10331-6,Shipped
10342-2,Shipped
10356-8,Shipped
10365-1,Shipped
10377-2,Shipped
10390-14,Shipped
10406-3,Disputed
10419-5,Shipped
10102-2,Shipped
10111-6,Shipped
10125-1,Shipped
10139-7,Shipped
10149-4,Shipped
10162-2,Shipped
10173-6,Shipped
10182-3,Shipped
10193-7,Shipped
10205-2,Shipped
10215-10,Shipped
10227-3,Shipped
10244-7,Shipped
10256-2,Shipped
10280-9,Shipped
10289-2,Shipped
10304-13,Shipped
10312-10,Shipped
10322-14,Shipped
10332-15,Shipped
10346-3,Shipped
10356-9,Shipped
10369-8,Shipped
10380-13,Shipped
10391-2,Shipped
10422-2,In Process
10102-1,Shipped
10111-5,Shipped
10126-17,Shipped
10139-6,Shipped
10149-3,Shipped
10162-1,Shipped
10173-5,Shipped
10182-2,Shipped
10193-6,Shipped
10205-1,Shipped
10215-9,Shipped
10227-2,Shipped
10244-6,Shipped
10256-1,Shipped
10280-8,Shipped
10289-1,Shipped
10304-12,Shipped
10312-9,Shipped
10322-5,Shipped
10332-16,Shipped
10347-7,Shipped
10356-6,Shipped
10369-7,Shipped
10381-9,Shipped
10391-3,Shipped
10422-1,In Process
10110-16,Shipped
10123-2,Shipped
10137-2,Shipped
10148-9,Shipped
10161-8,Shipped
10172-6,Shipped
10181-2,Shipped
10192-7,Shipped
10204-13,Shipped
10212-6,Shipped
10226-4,Shipped
10241-11,Shipped
10253-1,Cancelled
10266-2,Shipped
10278-2,Shipped
10288-14,Shipped
10301-4,Shipped
10311-9,Shipped
10321-6,Shipped
10331-14,Shipped
10343-4,Shipped
10367-1,Resolved
10378-5,Shipped
10407-11,On Hold
10419-1,Shipped
10106-12,Shipped
10119-3,Shipped
10131-4,Shipped
10143-7,Shipped
10155-5,Shipped
10167-1,Cancelled
10178-4,Shipped
10186-1,Shipped
10198-4,Shipped
10210-17,Shipped
10222-4,Shipped
10250-14,Shipped
10262-9,Cancelled
10274-1,Shipped
10284-11,Shipped
10296-7,Shipped
10307-1,Shipped
10316-9,Shipped
10327-6,Resolved
10338-1,Shipped
10351-1,Shipped
10373-4,Shipped
10386-7,Resolved
10398-11,Shipped
10400-1,Shipped
10416-14,Shipped
10100-3,Shipped
10110-7,Shipped
10124-6,Shipped
10149-11,Shipped
10162-9,Shipped
10173-13,Shipped
10182-10,Shipped
10193-14,Shipped
10204-4,Shipped
10214-7,Shipped
10227-10,Shipped
10241-2,Shipped
10280-16,Shipped
10288-5,Shipped
10302-1,Shipped
10312-17,Shipped
10331-7,Shipped
10344-1,Shipped
10367-3,Resolved
10379-2,Shipped
10407-2,On Hold
10420-5,In Process
10108-2,Shipped
10122-6,Shipped
10135-3,Shipped
10147-3,Shipped
10160-4,Shipped
10170-2,Shipped
10181-10,Shipped
10192-15,Shipped
10203-4,Shipped
10212-14,Shipped
10225-5,Shipped
10239-4,Shipped
10253-9,Cancelled
10266-10,Shipped
10278-10,Shipped
10287-8,Shipped
10300-1,Shipped
10310-6,Shipped
10321-14,Shipped
10329-9,Shipped
10342-1,Shipped
10363-7,Shipped
10377-4,Shipped
10389-3,Shipped
10405-4,Shipped
10419-9,Shipped
10109-3,Shipped
10122-1,Shipped
10136-1,Shipped
10148-12,Shipped
10161-11,Shipped
10171-1,Shipped
10181-5,Shipped
10192-10,Shipped
10204-16,Shipped
10212-9,Shipped
10226-7,Shipped
10240-2,Shipped
10253-4,Cancelled
10266-5,Shipped
10278-5,Shipped
10287-3,Shipped
10301-7,Shipped
10310-1,Shipped
10321-9,Shipped
10331-8,Shipped
10342-3,Shipped
10356-2,Shipped
10366-3,Shipped
10377-6,Shipped
10390-15,Shipped
10406-2,Disputed
10419-4,Shipped
10104-8,Shipped
10115-4,Shipped
10127-10,Shipped
10141-4,Shipped
10151-2,Shipped
10165-11,Shipped
10176-10,Shipped
10184-5,Shipped
10195-5,Shipped
10207-6,Shipped
10219-1,Shipped
10230-8,Shipped
10246-4,Shipped
10259-3,Shipped
10271-4,Shipped
10282-13,Shipped
10292-7,Shipped
10305-4,Shipped
10314-13,Shipped
10324-8,Shipped
10336-6,Shipped
10349-8,Shipped
10358-10,Shipped
10371-7,Shipped
10382-5,Shipped
10412-4,Shipped
10425-3,In Process
10100-2,Shipped
10110-6,Shipped
10124-5,Shipped
10149-10,Shipped
10162-8,Shipped
10173-12,Shipped
10182-9,Shipped
10193-13,Shipped
10204-3,Shipped
10214-6,Shipped
10227-9,Shipped
10241-1,Shipped
10280-15,Shipped
10288-4,Shipped
10303-2,Shipped
10312-16,Shipped
10332-9,Shipped
10344-2,Shipped
10367-4,Resolved
10379-1,Shipped
10407-1,On Hold
10420-4,In Process
10104-12,Shipped
10114-3,Shipped
10127-14,Shipped
10141-8,Shipped
10151-6,Shipped
10165-15,Shipped
10175-4,Shipped
10184-9,Shipped
10195-9,Shipped
10207-10,Shipped
10229-4,Shipped
10246-8,Shipped
10259-7,Shipped
10271-8,Shipped
10281-4,Shipped
10292-11,Shipped
10305-8,Shipped
10313-2,Shipped
10324-10,Shipped
10334-6,On Hold
10349-7,Shipped
10358-11,Shipped
10370-5,Shipped
10383-11,Shipped
10412-8,Shipped
10425-7,In Process
10101-4,Shipped
10110-4,Shipped
10124-3,Shipped
10149-8,Shipped
10162-6,Shipped
10173-10,Shipped
10182-7,Shipped
10193-11,Shipped
10204-1,Shipped
10214-4,Shipped
10227-7,Shipped
10243-2,Shipped
10280-13,Shipped
10288-2,Shipped
10304-17,Shipped
10312-14,Shipped
10322-6,Shipped
10332-8,Shipped
10344-3,Shipped
10356-3,Shipped
10367-5,Resolved
10380-10,Shipped
10390-16,Shipped
10409-2,Shipped
10420-2,In Process
10103-2,Shipped
10114-6,Shipped
10126-2,Shipped
10140-2,Shipped
10151-9,Shipped
10165-18,Shipped
10175-7,Shipped
10184-12,Shipped
10194-2,Shipped
10207-13,Shipped
10217-2,Shipped
10229-7,Shipped
10246-11,Shipped
10259-10,Shipped
10271-11,Shipped
10281-7,Shipped
10291-2,Shipped
10305-11,Shipped
10313-5,Shipped
10322-11,Shipped
10334-1,On Hold
10347-8,Shipped
10357-7,Shipped
10370-7,Shipped
10381-7,Shipped
10391-5,Shipped
10412-11,Shipped
10425-10,In Process
10106-2,Shipped
10120-8,Shipped
10133-3,Shipped
10145-14,Shipped
10168-9,Shipped
10210-7,Shipped
10223-9,Shipped
10235-3,Shipped
10250-4,Shipped
10263-10,Shipped
10275-9,Shipped
10284-1,Shipped
10297-4,Shipped
10308-7,Shipped
10318-9,Shipped
10327-8,Resolved
10339-2,Shipped
10353-1,Shipped
10374-2,Shipped
10386-18,Resolved
10398-15,Shipped
10401-3,On Hold
10416-4,Shipped
10107-6,Shipped
10120-4,Shipped
10134-6,Shipped
10145-10,Shipped
10159-18,Shipped
10168-5,Shipped
10180-13,Shipped
10188-5,Shipped
10201-6,Shipped
10210-3,Shipped
10223-5,Shipped
10236-2,Shipped
10251-6,Shipped
10263-6,Shipped
10275-5,Shipped
10285-10,Shipped
10298-2,Shipped
10308-3,Shipped
10318-5,Shipped
10329-12,Shipped
10339-1,Shipped
10362-3,Shipped
10374-4,Shipped
10389-5,Shipped
10402-2,Shipped
10417-6,Disputed
10101-1,Shipped
10110-1,Shipped
10125-2,Shipped
10139-8,Shipped
10149-5,Shipped
10162-3,Shipped
10173-7,Shipped
10182-4,Shipped
10193-8,Shipped
10205-3,Shipped
10214-1,Shipped
10227-4,Shipped
10244-8,Shipped
10255-1,Shipped
10280-10,Shipped
10289-3,Shipped
10304-14,Shipped
10312-11,Shipped
10322-2,Shipped
10332-1,Shipped
10347-6,Shipped
10356-1,Shipped
10367-7,Resolved
10380-8,Shipped
10390-7,Shipped
10421-1,In Process
10109-1,Shipped
10123-3,Shipped
10137-3,Shipped
10148-10,Shipped
10161-9,Shipped
10172-7,Shipped
10181-3,Shipped
10192-8,Shipped
10204-14,Shipped
10212-7,Shipped
10226-5,Shipped
10241-12,Shipped
10253-2,Cancelled
10266-3,Shipped
10278-3,Shipped
10287-1,Shipped
10301-5,Shipped
10311-10,Shipped
10321-7,Shipped
10331-10,Shipped
10343-3,Shipped
10366-2,Shipped
10379-5,Shipped
10407-12,On Hold
10419-2,Shipped
10103-12,Shipped
10112-2,Shipped
10126-12,Shipped
10139-1,Shipped
10150-9,Shipped
10163-2,Shipped
10174-5,Shipped
10183-9,Shipped
10193-1,Shipped
10206-7,Shipped
10215-4,Shipped
10228-3,Shipped
10244-1,Shipped
10257-1,Shipped
10270-10,Shipped
10280-3,Shipped
10291-12,Shipped
10304-7,Shipped
10312-4,Shipped
10322-12,Shipped
10333-5,Shipped
10347-9,Shipped
10357-6,Shipped
10369-1,Shipped
10381-8,Shipped
10391-6,Shipped
10423-1,In Process
10103-14,Shipped
10111-2,Shipped
10126-14,Shipped
10139-3,Shipped
10150-11,Shipped
10163-4,Shipped
10173-2,Shipped
10183-11,Shipped
10193-3,Shipped
10206-9,Shipped
10215-6,Shipped
10228-5,Shipped
10244-3,Shipped
10257-3,Shipped
10269-1,Shipped
10280-5,Shipped
10291-14,Shipped
10304-9,Shipped
10312-6,Shipped
10322-13,Shipped
10332-17,Shipped
10347-10,Shipped
10357-5,Shipped
10369-6,Shipped
10381-4,Shipped
10392-3,Shipped
10423-3,In Process
10106-18,Shipped
10119-9,Shipped
10130-2,Shipped
10143-13,Shipped
10155-11,Shipped
10167-7,Cancelled
10178-10,Shipped
10186-7,Shipped
10197-4,Shipped
10209-6,Shipped
10222-10,Shipped
10248-1,Cancelled
10262-15,Cancelled
10273-2,Shipped
10283-4,Shipped
10296-13,Shipped
10307-7,Shipped
10316-15,Shipped
10327-5,Resolved
10338-3,Shipped
10350-6,Shipped
10373-5,Shipped
10386-5,Resolved
10398-18,Shipped
10400-7,Shipped
10414-1,On Hold
10103-13,Shipped
10111-1,Shipped
10126-13,Shipped
10139-2,Shipped
10150-10,Shipped
10163-3,Shipped
10173-1,Shipped
10183-10,Shipped
10193-2,Shipped
10206-8,Shipped
10215-5,Shipped
10228-4,Shipped
10244-2,Shipped
10257-2,Shipped
10270-11,Shipped
10280-4,Shipped
10291-13,Shipped
10304-8,Shipped
10312-5,Shipped
10322-7,Shipped
10332-18,Shipped
10347-11,Shipped
10357-4,Shipped
10369-5,Shipped
10381-5,Shipped
10392-2,Shipped
10423-2,In Process
10105-11,Shipped
10117-5,Shipped
10128-2,Shipped
10142-8,Shipped
10153-7,Shipped
10166-2,Shipped
10177-9,Shipped
10185-9,Shipped
10196-1,Shipped
10208-9,Shipped
10221-3,Shipped
10232-6,Shipped
10248-12,Cancelled
10273-13,Shipped
10282-1,Shipped
10293-4,Shipped
10306-9,Shipped
10314-1,Shipped
10325-9,Shipped
10336-12,Shipped
10350-1,Shipped
10372-3,Shipped
10383-9,Shipped
10396-2,Shipped
10414-12,On Hold
10104-13,Shipped
10109-5,Shipped
10114-4,Shipped
10122-3,Shipped
10127-15,Shipped
10136-3,Shipped
10141-9,Shipped
10148-14,Shipped
10151-7,Shipped
10160-1,Shipped
10165-16,Shipped
10171-3,Shipped
10175-5,Shipped
10181-7,Shipped
10184-10,Shipped
10192-12,Shipped
10195-10,Shipped
10203-1,Shipped
10207-11,Shipped
10212-11,Shipped
10225-2,Shipped
10229-5,Shipped
10239-1,Shipped
10246-9,Shipped
10253-6,Cancelled
10259-8,Shipped
10266-7,Shipped
10271-9,Shipped
10278-7,Shipped
10281-5,Shipped
10287-5,Shipped
10292-12,Shipped
10301-9,Shipped
10305-9,Shipped
10310-3,Shipped
10313-3,Shipped
10321-11,Shipped
10324-12,Shipped
10331-11,Shipped
10334-3,On Hold
10342-4,Shipped
10349-6,Shipped
10358-12,Shipped
10366-1,Shipped
10370-9,Shipped
10377-3,Shipped
10383-6,Shipped
10394-5,Shipped
10405-1,Shipped
10412-9,Shipped
10419-6,Shipped
10425-8,In Process
10105-13,Shipped
10117-7,Shipped
10128-4,Shipped
10142-10,Shipped
10153-9,Shipped
10165-1,Shipped
10177-11,Shipped
10185-11,Shipped
10196-3,Shipped
10208-11,Shipped
10221-5,Shipped
10232-8,Shipped
10248-14,Cancelled
10273-15,Shipped
10282-3,Shipped
10293-6,Shipped
10306-11,Shipped
10314-3,Shipped
10326-6,Shipped
10336-7,Shipped
10350-2,Shipped
10372-5,Shipped
10383-12,Shipped
10396-4,Shipped
10414-14,On Hold
10108-9,Shipped
10122-13,Shipped
10135-10,Shipped
10147-10,Shipped
10159-5,Shipped
10169-5,Shipped
10181-17,Shipped
10191-6,Shipped
10203-11,Shipped
10211-5,Shipped
10225-12,Shipped
10238-6,Shipped
10252-2,Shipped
10265-2,Shipped
10276-6,Shipped
10287-15,Shipped
10300-8,Shipped
10310-13,Shipped
10319-1,Shipped
10329-10,Shipped
10342-5,Shipped
10363-10,Shipped
10378-4,Shipped
10390-9,Shipped
10103-16,Shipped
10111-4,Shipped
10126-16,Shipped
10139-5,Shipped
10149-2,Shipped
10163-6,Shipped
10173-4,Shipped
10182-1,Shipped
10193-5,Shipped
10206-11,Shipped
10215-8,Shipped
10227-1,Shipped
10244-5,Shipped
10257-5,Shipped
10280-7,Shipped
10290-2,Shipped
10304-11,Shipped
10312-8,Shipped
10323-2,Shipped
10333-2,Shipped
10347-12,Shipped
10357-3,Shipped
10369-4,Shipped
10382-7,Shipped
10392-1,Shipped
10423-5,In Process
10108-8,Shipped
10122-12,Shipped
10135-9,Shipped
10147-9,Shipped
10159-4,Shipped
10169-4,Shipped
10181-16,Shipped
10191-5,Shipped
10203-10,Shipped
10211-4,Shipped
10225-11,Shipped
10238-5,Shipped
10252-1,Shipped
10265-1,Shipped
10276-5,Shipped
10287-14,Shipped
10300-7,Shipped
10310-12,Shipped
10320-5,Shipped
10330-3,Shipped
10342-7,Shipped
10355-7,Shipped
10363-11,Shipped
10378-10,Shipped
10390-1,Shipped
10109-2,Shipped
10123-4,Shipped
10137-4,Shipped
10148-11,Shipped
10161-10,Shipped
10172-8,Shipped
10181-4,Shipped
10192-9,Shipped
10204-15,Shipped
10212-8,Shipped
10226-6,Shipped
10240-1,Shipped
10253-3,Cancelled
10266-4,Shipped
10278-4,Shipped
10287-2,Shipped
10301-6,Shipped
10311-11,Shipped
10321-8,Shipped
10331-12,Shipped
10343-2,Shipped
10367-6,Resolved
10379-4,Shipped
10406-1,Disputed
10419-3,Shipped
10108-12,Shipped
10122-16,Shipped
10135-13,Shipped
10146-2,Shipped
10159-8,Shipped
10169-8,Shipped
10180-3,Shipped
10191-9,Shipped
10211-8,Shipped
10224-1,Shipped
10237-1,Shipped
10252-5,Shipped
10264-3,Shipped
10276-9,Shipped
10286-1,Shipped
10299-3,Shipped
10310-16,Shipped
10319-4,Shipped
10330-2,Shipped
10342-8,Shipped
10355-1,Shipped
10363-12,Shipped
10378-9,Shipped
10390-2,Shipped
10403-1,Shipped
10106-17,Shipped
10119-8,Shipped
10130-1,Shipped
10143-12,Shipped
10155-10,Shipped
10167-6,Cancelled
10178-9,Shipped
10186-6,Shipped
10197-3,Shipped
10209-5,Shipped
10222-9,Shipped
10249-5,Shipped
10262-14,Cancelled
10273-1,Shipped
10283-3,Shipped
10296-12,Shipped
10307-6,Shipped
10316-14,Shipped
10328-6,Shipped
10338-2,Shipped
10351-2,Shipped
10373-6,Shipped
10386-6,Resolved
10398-17,Shipped
10400-6,Shipped
10415-5,Disputed
10104-3,Shipped
10117-12,Shipped
10127-5,Shipped
10142-15,Shipped
10152-1,Shipped
10165-6,Shipped
10176-5,Shipped
10185-16,Shipped
10196-8,Shipped
10207-1,Shipped
10220-5,Shipped
10230-3,Shipped
10247-5,Shipped
10272-5,Shipped
10282-8,Shipped
10292-2,Shipped
10306-16,Shipped
10314-8,Shipped
10324-13,Shipped
10337-3,Shipped
10349-5,Shipped
10358-13,Shipped
10372-6,Shipped
10383-1,Shipped
10394-1,Shipped
10413-5,Shipped
10100-4,Shipped
10110-8,Shipped
10124-7,Shipped
10148-1,Shipped
10162-10,Shipped
10173-14,Shipped
10182-11,Shipped
10193-15,Shipped
10204-5,Shipped
10213-1,Shipped
10227-11,Shipped
10241-3,Shipped
10280-17,Shipped
10288-6,Shipped
10302-2,Shipped
10311-1,Shipped
10332-2,Shipped
10344-4,Shipped
10367-8,Resolved
10380-1,Shipped
10407-3,On Hold
10420-6,In Process
10105-10,Shipped
10117-4,Shipped
10128-1,Shipped
10142-7,Shipped
10153-6,Shipped
10166-1,Shipped
10177-8,Shipped
10185-8,Shipped
10197-14,Shipped
10208-8,Shipped
10221-2,Shipped
10232-5,Shipped
10248-11,Cancelled
10261-9,Shipped
10273-12,Shipped
10283-14,Shipped
10293-3,Shipped
10306-8,Shipped
10315-7,Shipped
10326-5,Shipped
10337-2,Shipped
10350-3,Shipped
10372-7,Shipped
10383-7,Shipped
10396-5,Shipped
10414-11,On Hold
10103-5,Shipped
10114-9,Shipped
10126-5,Shipped
10140-5,Shipped
10150-2,Shipped
10164-3,Resolved
10175-10,Shipped
10183-2,Shipped
10194-5,Shipped
10207-16,Shipped
10217-5,Shipped
10229-10,Shipped
10245-3,Shipped
10259-13,Shipped
10270-3,Shipped
10281-10,Shipped
10291-5,Shipped
10305-14,Shipped
10313-8,Shipped
10323-1,Shipped
10334-4,On Hold
10347-4,Shipped
10357-2,Shipped
10370-6,Shipped
10382-1,Shipped
10411-3,Shipped
10425-13,In Process
10103-9,Shipped
10113-3,Shipped
10126-9,Shipped
10140-9,Shipped
10150-6,Shipped
10164-7,Resolved
10174-2,Shipped
10183-6,Shipped
10194-9,Shipped
10206-4,Shipped
10215-1,Shipped
10229-14,Shipped
10245-7,Shipped
10258-4,Shipped
10270-7,Shipped
10281-14,Shipped
10291-9,Shipped
10304-4,Shipped
10312-1,Shipped
10324-6,Shipped
10333-8,Shipped
10348-6,Shipped
10358-8,Shipped
10370-2,Shipped
10382-2,Shipped
10411-7,Shipped
10424-4,In Process
10108-11,Shipped
10122-15,Shipped
10135-12,Shipped
10146-1,Shipped
10159-7,Shipped
10169-7,Shipped
10180-2,Shipped
10191-8,Shipped
10211-7,Shipped
10225-14,Shipped
10238-8,Shipped
10252-4,Shipped
10264-2,Shipped
10276-8,Shipped
10287-17,Shipped
10299-2,Shipped
10310-15,Shipped
10319-3,Shipped
10330-4,Shipped
10342-11,Shipped
10355-2,Shipped
10363-13,Shipped
10378-8,Shipped
10390-3,Shipped
10110-9,Shipped
10124-8,Shipped
10148-2,Shipped
10161-1,Shipped
10173-15,Shipped
10182-12,Shipped
10193-16,Shipped
10204-6,Shipped
10213-2,Shipped
10227-12,Shipped
10241-4,Shipped
10267-1,Shipped
10279-1,Shipped
10288-7,Shipped
10302-3,Shipped
10311-2,Shipped
10332-3,Shipped
10344-5,Shipped
10367-9,Resolved
10380-2,Shipped
10407-4,On Hold
10420-7,In Process
10110-13,Shipped
10124-12,Shipped
10148-6,Shipped
10161-5,Shipped
10172-3,Shipped
10182-16,Shipped
10192-4,Shipped
10204-10,Shipped
10212-3,Shipped
10226-1,Shipped
10241-8,Shipped
10267-5,Shipped
10279-5,Shipped
10288-11,Shipped
10301-1,Shipped
10311-6,Shipped
10321-3,Shipped
10332-4,Shipped
10344-7,Shipped
10367-10,Resolved
10380-3,Shipped
10407-8,On Hold
10420-11,In Process
10104-6,Shipped
10115-2,Shipped
10127-8,Shipped
10141-2,Shipped
10152-4,Shipped
10165-9,Shipped
10176-8,Shipped
10184-3,Shipped
10195-3,Shipped
10207-4,Shipped
10220-8,Shipped
10230-6,Shipped
10246-2,Shipped
10259-1,Shipped
10271-2,Shipped
10282-11,Shipped
10292-5,Shipped
10305-2,Shipped
10314-11,Shipped
10324-14,Shipped
10336-4,Shipped
10349-4,Shipped
10358-14,Shipped
10371-12,Shipped
10383-2,Shipped
10394-2,Shipped
10412-2,Shipped
10425-1,In Process
10107-3,Shipped
10120-1,Shipped
10134-3,Shipped
10145-7,Shipped
10159-15,Shipped
10168-2,Shipped
10180-10,Shipped
10188-2,Shipped
10201-3,Shipped
10211-15,Shipped
10223-2,Shipped
10237-8,Shipped
10251-3,Shipped
10263-3,Shipped
10275-2,Shipped
10285-7,Shipped
10299-10,Shipped
10309-6,Shipped
10318-2,Shipped
10329-7,Shipped
10339-10,Shipped
10362-2,Shipped
10374-6,Shipped
10389-1,Shipped
10403-8,Shipped
10417-3,Disputed
10110-15,Shipped
10123-1,Shipped
10137-1,Shipped
10148-8,Shipped
10161-7,Shipped
10172-5,Shipped
10181-1,Shipped
10192-6,Shipped
10204-12,Shipped
10212-5,Shipped
10226-3,Shipped
10241-10,Shipped
10266-1,Shipped
10278-1,Shipped
10288-13,Shipped
10301-3,Shipped
10311-8,Shipped
10321-5,Shipped
10332-5,Shipped
10343-6,Shipped
10367-11,Resolved
10379-3,Shipped
10407-10,On Hold
10420-13,In Process
10106-4,Shipped
10120-10,Shipped
10133-5,Shipped
10145-16,Shipped
10168-11,Shipped
10210-9,Shipped
10223-11,Shipped
10235-5,Shipped
10250-6,Shipped
10262-1,Cancelled
10275-11,Shipped
10284-3,Shipped
10297-6,Shipped
10308-9,Shipped
10316-1,Shipped
10328-14,Shipped
10339-7,Shipped
10353-2,Shipped
10374-3,Shipped
10386-11,Resolved
10398-16,Shipped
10401-5,On Hold
10416-6,Shipped
10101-3,Shipped
10110-3,Shipped
10124-2,Shipped
10149-7,Shipped
10162-5,Shipped
10173-9,Shipped
10182-6,Shipped
10193-10,Shipped
10205-5,Shipped
10214-3,Shipped
10227-6,Shipped
10243-1,Shipped
10280-12,Shipped
10288-1,Shipped
10304-16,Shipped
10312-13,Shipped
10322-3,Shipped
10332-6,Shipped
10344-6,Shipped
10356-5,Shipped
10367-13,Resolved
10380-4,Shipped
10391-8,Shipped
10409-1,Shipped
10420-1,In Process
10107-7,Shipped
10120-5,Shipped
10134-7,Shipped
10145-11,Shipped
10158-1,Shipped
10168-6,Shipped
10180-14,Shipped
10188-6,Shipped
10201-7,Shipped
10210-4,Shipped
10223-6,Shipped
10236-3,Shipped
10250-1,Shipped
10263-7,Shipped
10275-6,Shipped
10285-11,Shipped
10297-1,Shipped
10308-4,Shipped
10318-6,Shipped
10329-4,Shipped
10340-8,Shipped
10363-8,Shipped
10375-9,Shipped
10389-2,Shipped
10402-3,Shipped
10416-1,Shipped
10105-9,Shipped
10117-3,Shipped
10129-9,Shipped
10142-6,Shipped
10153-5,Shipped
10167-16,Cancelled
10177-7,Shipped
10185-7,Shipped
10197-13,Shipped
10208-7,Shipped
10221-1,Shipped
10232-4,Shipped
10248-10,Cancelled
10261-8,Shipped
10273-11,Shipped
10283-13,Shipped
10293-2,Shipped
10306-7,Shipped
10315-6,Shipped
10326-4,Shipped
10337-4,Shipped
10350-7,Shipped
10372-8,Shipped
10384-3,Shipped
10396-6,Shipped
10414-10,On Hold
10101-2,Shipped
10110-2,Shipped
10124-1,Shipped
10149-6,Shipped
10162-4,Shipped
10173-8,Shipped
10182-5,Shipped
10193-9,Shipped
10205-4,Shipped
10214-2,Shipped
10227-5,Shipped
10244-9,Shipped
10255-2,Shipped
10280-11,Shipped
10289-4,Shipped
10304-15,Shipped
10312-12,Shipped
10322-4,Shipped
10332-10,Shipped
10345-1,Shipped
10356-7,Shipped
10367-12,Resolved
10380-5,Shipped
10391-1,Shipped
10421-2,In Process
10103-1,Shipped
10114-5,Shipped
10126-1,Shipped
10140-1,Shipped
10151-8,Shipped
10165-17,Shipped
10175-6,Shipped
10184-11,Shipped
10194-1,Shipped
10207-12,Shipped
10217-1,Shipped
10229-6,Shipped
10246-10,Shipped
10259-9,Shipped
10271-10,Shipped
10281-6,Shipped
10291-1,Shipped
10305-10,Shipped
10313-4,Shipped
10324-2,Shipped
10334-5,On Hold
10348-1,Shipped
10358-7,Shipped
10371-5,Shipped
10382-3,Shipped
10412-10,Shipped
10425-9,In Process
10108-15,Shipped
10121-2,Shipped
10135-16,Shipped
10145-3,Shipped
10159-11,Shipped
10169-11,Shipped
10180-6,Shipped
10190-3,Shipped
10211-11,Shipped
10224-4,Shipped
10237-4,Shipped
10252-8,Shipped
10264-6,Shipped
10276-12,Shipped
10285-3,Shipped
10299-6,Shipped
10309-2,Shipped
10319-7,Shipped
10330-1,Shipped
10341-6,Shipped
10355-3,Shipped
10363-14,Shipped
10375-14,Shipped
10390-4,Shipped
10403-4,Shipped
10110-11,Shipped
10124-10,Shipped
10148-4,Shipped
10161-3,Shipped
10172-1,Shipped
10182-14,Shipped
10192-2,Shipped
10204-8,Shipped
10212-1,Shipped
10227-14,Shipped
10241-6,Shipped
10267-3,Shipped
10279-3,Shipped
10288-9,Shipped
10302-5,Shipped
10311-4,Shipped
10321-1,Shipped
10332-7,Shipped
10346-1,Shipped
10368-2,Shipped
10380-6,Shipped
10407-6,On Hold
10420-9,In Process
10104-10,Shipped
10114-1,Shipped
10127-12,Shipped
10141-6,Shipped
10151-4,Shipped
10165-13,Shipped
10175-2,Shipped
10184-7,Shipped
10195-7,Shipped
10207-8,Shipped
10219-3,Shipped
10229-2,Shipped
10246-6,Shipped
10259-5,Shipped
10271-6,Shipped
10281-2,Shipped
10292-9,Shipped
10305-6,Shipped
10314-15,Shipped
10324-9,Shipped
10335-2,Shipped
10349-3,Shipped
10358-4,Shipped
10371-8,Shipped
10383-3,Shipped
10394-6,Shipped
10412-6,Shipped
10425-5,In Process
10106-13,Shipped
10119-4,Shipped
10131-5,Shipped
10143-8,Shipped
10155-6,Shipped
10167-2,Cancelled
10178-5,Shipped
10186-2,Shipped
10198-5,Shipped
10209-1,Shipped
10222-5,Shipped
10249-1,Shipped
10262-10,Cancelled
10274-2,Shipped
10284-12,Shipped
10296-8,Shipped
10307-2,Shipped
10316-10,Shipped
10328-1,Shipped
10339-12,Shipped
10351-5,Shipped
10373-7,Shipped
10386-1,Resolved
10398-3,Shipped
10400-2,Shipped
10415-1,Disputed
10110-10,Shipped
10124-9,Shipped
10148-3,Shipped
10161-2,Shipped
10173-16,Shipped
10182-13,Shipped
10192-1,Shipped
10204-7,Shipped
10213-3,Shipped
10227-13,Shipped
10241-5,Shipped
10267-2,Shipped
10279-2,Shipped
10288-8,Shipped
10302-4,Shipped
10311-3,Shipped
10332-11,Shipped
10346-5,Shipped
10368-5,Shipped
10380-7,Shipped
10407-5,On Hold
10420-8,In Process
10109-6,Shipped
10122-4,Shipped
10135-1,Shipped
10147-1,Shipped
10160-2,Shipped
10171-4,Shipped
10181-8,Shipped
10192-13,Shipped
10203-2,Shipped
10212-12,Shipped
10225-3,Shipped
10239-2,Shipped
10253-7,Cancelled
10266-8,Shipped
10278-8,Shipped
10287-6,Shipped
10301-10,Shipped
10310-4,Shipped
10321-12,Shipped
10331-13,Shipped
10342-9,Shipped
10355-4,Shipped
10367-2,Resolved
10378-7,Shipped
10390-5,Shipped
10405-2,Shipped
10419-7,Shipped
10105-4,Shipped
10119-13,Shipped
10129-4,Shipped
10142-1,Shipped
10154-2,Shipped
10167-11,Cancelled
10177-2,Shipped
10185-2,Shipped
10197-8,Shipped
10208-2,Shipped
10222-14,Shipped
10233-2,Shipped
10248-5,Cancelled
10261-3,Shipped
10273-6,Shipped
10283-8,Shipped
10295-3,Shipped
10306-2,Shipped
10315-1,Shipped
10326-3,Shipped
10339-13,Shipped
10350-9,Shipped
10373-12,Shipped
10384-2,Shipped
10396-7,Shipped
10414-5,On Hold
10110-12,Shipped
10124-11,Shipped
10148-5,Shipped
10161-4,Shipped
10172-2,Shipped
10182-15,Shipped
10192-3,Shipped
10204-9,Shipped
10212-2,Shipped
10227-15,Shipped
10241-7,Shipped
10267-4,Shipped
10279-4,Shipped
10288-10,Shipped
10302-6,Shipped
10311-5,Shipped
10321-2,Shipped
10332-12,Shipped
10346-2,Shipped
10368-1,Shipped
10380-9,Shipped
10407-7,On Hold
10420-10,In Process
10108-5,Shipped
10122-9,Shipped
10135-6,Shipped
10147-6,Shipped
10159-1,Shipped
10169-1,Shipped
10181-13,Shipped
10191-2,Shipped
10203-7,Shipped
10211-1,Shipped
10225-8,Shipped
10238-2,Shipped
10253-12,Cancelled
10266-13,Shipped
10276-2,Shipped
10287-11,Shipped
10300-4,Shipped
10310-9,Shipped
10320-2,Shipped
10331-9,Shipped
10342-10,Shipped
10355-6,Shipped
10363-15,Shipped
10378-6,Shipped
10390-6,Shipped
10419-12,Shipped
10106-14,Shipped
10119-5,Shipped
10131-6,Shipped
10143-9,Shipped
10155-7,Shipped
10167-3,Cancelled
10178-6,Shipped
10186-3,Shipped
10198-6,Shipped
10209-2,Shipped
10222-6,Shipped
10249-2,Shipped
10262-11,Cancelled
10274-3,Shipped
10284-13,Shipped
10296-9,Shipped
10307-3,Shipped
10316-11,Shipped
10328-2,Shipped
10339-14,Shipped
10351-4,Shipped
10361-6,Shipped
10373-11,Shipped
10386-9,Resolved
10398-13,Shipped
10400-3,Shipped
10415-2,Disputed
10110-14,Shipped
10124-13,Shipped
10148-7,Shipped
10161-6,Shipped
10172-4,Shipped
10182-17,Shipped
10192-5,Shipped
10204-11,Shipped
10212-4,Shipped
10226-2,Shipped
10241-9,Shipped
10267-6,Shipped
10279-6,Shipped
10288-12,Shipped
10301-2,Shipped
10311-7,Shipped
10321-4,Shipped
10332-13,Shipped
10346-6,Shipped
10368-4,Shipped
10380-11,Shipped
10407-9,On Hold
10420-12,In Process
10105-1,Shipped
10119-10,Shipped
10129-1,Shipped
10143-14,Shipped
10155-12,Shipped
10167-8,Cancelled
10178-11,Shipped
10186-8,Shipped
10197-5,Shipped
10209-7,Shipped
10222-11,Shipped
10248-2,Cancelled
10262-16,Cancelled
10273-3,Shipped
10283-5,Shipped
10296-14,Shipped
10307-8,Shipped
10316-16,Shipped
10326-2,Shipped
10339-16,Shipped
10350-10,Shipped
10373-10,Shipped
10385-2,Shipped
10396-8,Shipped
10400-8,Shipped
10414-2,On Hold
10108-1,Shipped
10122-5,Shipped
10135-2,Shipped
10147-2,Shipped
10160-3,Shipped
10170-1,Shipped
10181-9,Shipped
10192-14,Shipped
10203-3,Shipped
10212-13,Shipped
10225-4,Shipped
10239-3,Shipped
10253-8,Cancelled
10266-9,Shipped
10278-9,Shipped
10287-7,Shipped
10301-11,Shipped
10310-5,Shipped
10321-13,Shipped
10331-1,Shipped
10342-6,Shipped
10355-8,Shipped
10363-1,Shipped
10378-3,Shipped
10390-8,Shipped
10405-3,Shipped
10419-8,Shipped
10106-11,Shipped
10119-2,Shipped
10131-3,Shipped
10143-6,Shipped
10155-4,Shipped
10168-18,Shipped
10178-3,Shipped
10198-3,Shipped
10210-16,Shipped
10222-3,Shipped
10235-12,Shipped
10250-13,Shipped
10262-8,Cancelled
10275-18,Shipped
10284-10,Shipped
10296-6,Shipped
10308-16,Shipped
10316-8,Shipped
10328-3,Shipped
10339-11,Shipped
10351-3,Shipped
10361-7,Shipped
10373-13,Shipped
10386-12,Resolved
10398-2,Shipped
10401-12,On Hold
10416-13,Shipped
10100-1,Shipped
10110-5,Shipped
10124-4,Shipped
10149-9,Shipped
10162-7,Shipped
10173-11,Shipped
10182-8,Shipped
10193-12,Shipped
10204-2,Shipped
10214-5,Shipped
10227-8,Shipped
10242-1,Shipped
10280-14,Shipped
10288-3,Shipped
10303-1,Shipped
10312-15,Shipped
10332-14,Shipped
10346-4,Shipped
10368-3,Shipped
10380-12,Shipped
10408-1,Shipped
10420-3,In Process
10104-5,Shipped
10115-1,Shipped
10127-7,Shipped
10141-1,Shipped
10152-3,Shipped
10165-8,Shipped
10176-7,Shipped
10184-2,Shipped
10195-2,Shipped
10207-3,Shipped
10220-7,Shipped
10230-5,Shipped
10246-1,Shipped
10271-1,Shipped
10282-10,Shipped
10292-4,Shipped
10305-1,Shipped
10314-10,Shipped
10325-5,Shipped
10336-5,Shipped
10349-2,Shipped
10359-7,Shipped
10371-9,Shipped
10383-4,Shipped
10394-7,Shipped
10412-1,Shipped
10103-15,Shipped
10111-3,Shipped
10126-15,Shipped
10139-4,Shipped
10149-1,Shipped
10163-5,Shipped
10173-3,Shipped
10183-12,Shipped
10193-4,Shipped
10206-10,Shipped
10215-7,Shipped
10228-6,Shipped
10244-4,Shipped
10257-4,Shipped
10269-2,Shipped
10280-6,Shipped
10290-1,Shipped
10304-10,Shipped
10312-7,Shipped
10324-3,Shipped
10333-1,Shipped
10348-2,Shipped
10358-6,Shipped
10369-3,Shipped
10382-4,Shipped
10423-4,In Process
10106-3,Shipped
10120-9,Shipped
10133-4,Shipped
10145-15,Shipped
10168-10,Shipped
10210-8,Shipped
10223-10,Shipped
10235-4,Shipped
10250-5,Shipped
10263-11,Shipped
10275-10,Shipped
10284-2,Shipped
10297-5,Shipped
10308-8,Shipped
10317-1,Shipped
10328-4,Shipped
10340-1,Shipped
10353-3,Shipped
10361-1,Shipped
10375-2,Shipped
10386-8,Resolved
10398-14,Shipped
10401-4,On Hold
10416-5,Shipped
10108-10,Shipped
10122-14,Shipped
10135-11,Shipped
10147-11,Shipped
10159-6,Shipped
10169-6,Shipped
10180-1,Shipped
10191-7,Shipped
10211-6,Shipped
10225-13,Shipped
10238-7,Shipped
10252-3,Shipped
10264-1,Shipped
10276-7,Shipped
10287-16,Shipped
10299-1,Shipped
10310-14,Shipped
10319-2,Shipped
10331-2,Shipped
10343-1,Shipped
10355-9,Shipped
10363-9,Shipped
10378-2,Shipped
10390-10,Shipped
10103-3,Shipped
10114-7,Shipped
10126-3,Shipped
10140-3,Shipped
10151-10,Shipped
10164-1,Resolved
10175-8,Shipped
10184-13,Shipped
10194-3,Shipped
10207-14,Shipped
10217-3,Shipped
10229-8,Shipped
10245-1,Shipped
10259-11,Shipped
10270-1,Shipped
10281-8,Shipped
10291-3,Shipped
10305-12,Shipped
10313-6,Shipped
10324-11,Shipped
10335-1,Shipped
10348-3,Shipped
10358-1,Shipped
10371-1,Shipped
10382-6,Shipped
10411-1,Shipped
10425-11,In Process
10107-8,Shipped
10120-6,Shipped
10133-1,Shipped
10145-12,Shipped
10168-7,Shipped
10188-7,Shipped
10210-5,Shipped
10223-7,Shipped
10235-1,Shipped
10250-2,Shipped
10263-8,Shipped
10275-7,Shipped
10285-12,Shipped
10297-2,Shipped
10308-5,Shipped
10318-7,Shipped
10329-11,Shipped
10340-2,Shipped
10353-5,Shipped
10363-2,Shipped
10375-3,Shipped
10387-1,Shipped
10401-1,On Hold
10416-2,Shipped
10108-13,Shipped
10122-17,Shipped
10135-14,Shipped
10145-1,Shipped
10159-9,Shipped
10169-9,Shipped
10180-4,Shipped
10190-1,Shipped
10211-9,Shipped
10224-2,Shipped
10237-2,Shipped
10252-6,Shipped
10264-4,Shipped
10276-10,Shipped
10285-1,Shipped
10299-4,Shipped
10310-17,Shipped
10319-5,Shipped
10331-3,Shipped
10343-5,Shipped
10355-10,Shipped
10364-1,Shipped
10378-1,Shipped
10390-11,Shipped
10403-2,Shipped
10104-11,Shipped
10114-2,Shipped
10127-13,Shipped
10141-7,Shipped
10151-5,Shipped
10165-14,Shipped
10175-3,Shipped
10184-8,Shipped
10195-8,Shipped
10207-9,Shipped
10219-4,Shipped
10229-3,Shipped
10246-7,Shipped
10259-6,Shipped
10271-7,Shipped
10281-3,Shipped
10292-10,Shipped
10305-7,Shipped
10313-1,Shipped
10325-3,Shipped
10335-3,Shipped
10349-1,Shipped
10359-3,Shipped
10371-2,Shipped
10383-5,Shipped
10394-3,Shipped
10412-7,Shipped
10425-6,In Process
10104-4,Shipped
10116-1,Shipped
10127-6,Shipped
10142-16,Shipped
10152-2,Shipped
10165-7,Shipped
10176-6,Shipped
10184-1,Shipped
10195-1,Shipped
10207-2,Shipped
10220-6,Shipped
10230-4,Shipped
10247-6,Shipped
10272-6,Shipped
10282-9,Shipped
10292-3,Shipped
10306-17,Shipped
10314-9,Shipped
10325-2,Shipped
10336-9,Shipped
10350-14,Shipped
10359-1,Shipped
10371-11,Shipped
10383-8,Shipped
10394-4,Shipped
10413-6,Shipped
10103-7,Shipped
10113-1,Shipped
10126-7,Shipped
10140-7,Shipped
10150-4,Shipped
10164-5,Resolved
10175-12,Shipped
10183-4,Shipped
10194-7,Shipped
10206-2,Shipped
10217-7,Shipped
10229-12,Shipped
10245-5,Shipped
10258-2,Shipped
10270-5,Shipped
10281-12,Shipped
10291-7,Shipped
10304-2,Shipped
10313-10,Shipped
10324-4,Shipped
10333-4,Shipped
10348-5,Shipped
10358-2,Shipped
10370-3,Shipped
10382-8,Shipped
10411-5,Shipped
10424-2,In Process
10106-5,Shipped
10120-11,Shipped
10133-6,Shipped
10144-1,Shipped
10168-12,Shipped
10210-10,Shipped
10223-12,Shipped
10235-6,Shipped
10250-7,Shipped
10262-2,Cancelled
10275-12,Shipped
10284-4,Shipped
10297-7,Shipped
10308-10,Shipped
10316-2,Shipped
10328-5,Shipped
10340-3,Shipped
10353-7,Shipped
10361-2,Shipped
10375-4,Shipped
10388-8,Shipped
10398-4,Shipped
10401-6,On Hold
10416-7,Shipped
10108-16,Shipped
10121-3,Shipped
10135-17,Shipped
10145-4,Shipped
10159-12,Shipped
10169-12,Shipped
10180-7,Shipped
10190-4,Shipped
10211-12,Shipped
10224-5,Shipped
10237-5,Shipped
10252-9,Shipped
10264-7,Shipped
10276-13,Shipped
10285-4,Shipped
10299-7,Shipped
10309-3,Shipped
10319-8,Shipped
10331-4,Shipped
10341-4,Shipped
10355-5,Shipped
10365-3,Shipped
10375-15,Shipped
10390-12,Shipped
10403-5,Shipped
10106-6,Shipped
10120-12,Shipped
10133-7,Shipped
10143-1,Shipped
10156-1,Shipped
10168-13,Shipped
10199-1,Shipped
10210-11,Shipped
10223-13,Shipped
10235-7,Shipped
10250-8,Shipped
10262-3,Cancelled
10275-13,Shipped
10284-5,Shipped
10296-1,Shipped
10308-11,Shipped
10316-3,Shipped
10328-7,Shipped
10340-4,Shipped
10353-8,Shipped
10361-3,Shipped
10375-5,Shipped
10388-1,Shipped
10398-5,Shipped
10401-7,On Hold
10416-8,Shipped
10104-7,Shipped
10115-3,Shipped
10127-9,Shipped
10141-3,Shipped
10151-1,Shipped
10165-10,Shipped
10176-9,Shipped
10184-4,Shipped
10195-4,Shipped
10207-5,Shipped
10220-9,Shipped
10230-7,Shipped
10246-3,Shipped
10259-2,Shipped
10271-3,Shipped
10282-12,Shipped
10292-6,Shipped
10305-3,Shipped
10314-12,Shipped
10325-4,Shipped
10336-8,Shipped
10350-8,Shipped
10359-2,Shipped
10371-10,Shipped
10383-13,Shipped
10395-4,Shipped
10412-3,Shipped
10425-2,In Process
10104-2,Shipped
10117-11,Shipped
10127-4,Shipped
10142-14,Shipped
10153-13,Shipped
10165-5,Shipped
10176-4,Shipped
10185-15,Shipped
10196-7,Shipped
10208-15,Shipped
10220-4,Shipped
10230-2,Shipped
10247-4,Shipped
10272-4,Shipped
10282-7,Shipped
10292-1,Shipped
10306-15,Shipped
10314-7,Shipped
10325-7,Shipped
10337-6,Shipped
10350-17,Shipped
10359-4,Shipped
10372-9,Shipped
10383-10,Shipped
10395-3,Shipped
10413-4,Shipped
10108-14,Shipped
10121-1,Shipped
10135-15,Shipped
10145-2,Shipped
10159-10,Shipped
10169-10,Shipped
10180-5,Shipped
10190-2,Shipped
10211-10,Shipped
10224-3,Shipped
10237-3,Shipped
10252-7,Shipped
10264-5,Shipped
10276-11,Shipped
10285-2,Shipped
10299-5,Shipped
10309-1,Shipped
10319-6,Shipped
10331-5,Shipped
10341-3,Shipped
10356-4,Shipped
10365-2,Shipped
10375-8,Shipped
10390-13,Shipped
10403-3,Shipped
10105-5,Shipped
10119-14,Shipped
10129-5,Shipped
10142-2,Shipped
10153-1,Shipped
10167-12,Cancelled
10177-3,Shipped
10185-3,Shipped
10197-9,Shipped
10208-3,Shipped
10222-15,Shipped
10233-3,Shipped
10248-6,Cancelled
10261-4,Shipped
10273-7,Shipped
10283-9,Shipped
10295-4,Shipped
10306-3,Shipped
10315-2,Shipped
10326-1,Shipped
10339-5,Shipped
10350-11,Shipped
10373-14,Shipped
10385-1,Shipped
10396-1,Shipped
10414-6,On Hold
10106-7,Shipped
10120-13,Shipped
10133-8,Shipped
10143-2,Shipped
10156-2,Shipped
10168-14,Shipped
10199-2,Shipped
10210-12,Shipped
10223-14,Shipped
10235-8,Shipped
10250-9,Shipped
10262-4,Cancelled
10275-14,Shipped
10284-6,Shipped
10296-2,Shipped
10308-12,Shipped
10316-4,Shipped
10328-8,Shipped
10340-5,Shipped
10353-9,Shipped
10361-4,Shipped
10375-6,Shipped
10388-2,Shipped
10398-6,Shipped
10401-8,On Hold
10416-9,Shipped
10105-12,Shipped
10117-6,Shipped
10128-3,Shipped
10142-9,Shipped
10153-8,Shipped
10166-3,Shipped
10177-10,Shipped
10185-10,Shipped
10196-2,Shipped
10208-10,Shipped
10221-4,Shipped
10232-7,Shipped
10248-13,Cancelled
10273-14,Shipped
10282-2,Shipped
10293-5,Shipped
10306-10,Shipped
10314-2,Shipped
10327-7,Resolved
10337-9,Shipped
10350-4,Shipped
10372-2,Shipped
10384-1,Shipped
10397-5,Shipped
10414-13,On Hold
10106-16,Shipped
10119-7,Shipped
10131-8,Shipped
10143-11,Shipped
10155-9,Shipped
10167-5,Cancelled
10178-8,Shipped
10186-5,Shipped
10197-2,Shipped
10209-4,Shipped
10222-8,Shipped
10249-4,Shipped
10262-13,Cancelled
10274-5,Shipped
10283-2,Shipped
10296-11,Shipped
10307-5,Shipped
10316-13,Shipped
10328-9,Shipped
10339-15,Shipped
10352-3,Shipped
10361-14,Shipped
10373-15,Shipped
10386-13,Resolved
10398-7,Shipped
10400-5,Shipped
10415-4,Disputed
10106-9,Shipped
10120-15,Shipped
10131-1,Shipped
10143-4,Shipped
10155-2,Shipped
10168-16,Shipped
10178-1,Shipped
10198-1,Shipped
10210-14,Shipped
10222-1,Shipped
10235-10,Shipped
10250-11,Shipped
10262-6,Cancelled
10275-16,Shipped
10284-8,Shipped
10296-4,Shipped
10308-14,Shipped
10316-6,Shipped
10328-10,Shipped
10340-7,Shipped
10352-2,Shipped
10361-9,Shipped
10375-1,Shipped
10386-14,Resolved
10398-8,Shipped
10401-10,On Hold
10416-11,Shipped
10105-3,Shipped
10119-12,Shipped
10129-3,Shipped
10143-16,Shipped
10154-1,Shipped
10167-10,Cancelled
10177-1,Shipped
10185-1,Shipped
10197-7,Shipped
10208-1,Shipped
10222-13,Shipped
10233-1,Shipped
10248-4,Cancelled
10261-2,Shipped
10273-5,Shipped
10283-7,Shipped
10295-2,Shipped
10306-1,Shipped
10316-18,Shipped
10327-1,Resolved
10339-9,Shipped
10350-12,Shipped
10373-16,Shipped
10386-10,Resolved
10397-4,Shipped
10414-4,On Hold
10103-6,Shipped
10114-10,Shipped
10126-6,Shipped
10140-6,Shipped
10150-3,Shipped
10164-4,Resolved
10175-11,Shipped
10183-3,Shipped
10194-6,Shipped
10206-1,Shipped
10217-6,Shipped
10229-11,Shipped
10245-4,Shipped
10258-1,Shipped
10270-4,Shipped
10281-11,Shipped
10291-6,Shipped
10304-1,Shipped
10313-9,Shipped
10324-5,Shipped
10336-2,Shipped
10348-7,Shipped
10358-3,Shipped
10371-3,Shipped
10382-9,Shipped
10411-4,Shipped
10424-1,In Process
10106-1,Shipped
10120-7,Shipped
10133-2,Shipped
10145-13,Shipped
10168-8,Shipped
10188-8,Shipped
10210-6,Shipped
10223-8,Shipped
10235-2,Shipped
10250-3,Shipped
10263-9,Shipped
10275-8,Shipped
10285-13,Shipped
10297-3,Shipped
10308-6,Shipped
10318-8,Shipped
10328-11,Shipped
10340-6,Shipped
10353-4,Shipped
10361-5,Shipped
10375-10,Shipped
10388-3,Shipped
10398-9,Shipped
10401-2,On Hold
10416-3,Shipped
10106-8,Shipped
10120-14,Shipped
10143-3,Shipped
10155-1,Shipped
10168-15,Shipped
10199-3,Shipped
10210-13,Shipped
10223-15,Shipped
10235-9,Shipped
10250-10,Shipped
10262-5,Cancelled
10275-15,Shipped
10284-7,Shipped
10296-3,Shipped
10308-13,Shipped
10316-5,Shipped
10328-13,Shipped
10341-5,Shipped
10353-6,Shipped
10361-10,Shipped
10375-11,Shipped
10386-17,Resolved
10398-10,Shipped
10401-9,On Hold
10416-10,Shipped
10105-6,Shipped
10118-1,Shipped
10129-6,Shipped
10142-3,Shipped
10153-2,Shipped
10167-13,Cancelled
10177-4,Shipped
10185-4,Shipped
10197-10,Shipped
10208-4,Shipped
10222-16,Shipped
10232-1,Shipped
10248-7,Cancelled
10261-5,Shipped
10273-8,Shipped
10283-10,Shipped
10295-5,Shipped
10306-4,Shipped
10315-3,Shipped
10327-2,Resolved
10337-1,Shipped
10350-13,Shipped
10373-2,Shipped
10386-2,Resolved
10397-3,Shipped
10414-7,On Hold
10105-7,Shipped
10117-1,Shipped
10129-7,Shipped
10142-4,Shipped
10153-3,Shipped
10167-14,Cancelled
10177-5,Shipped
10185-5,Shipped
10197-11,Shipped
10208-5,Shipped
10222-17,Shipped
10232-2,Shipped
10248-8,Cancelled
10261-6,Shipped
10273-9,Shipped
10283-11,Shipped
10294-1,Shipped
10306-5,Shipped
10315-4,Shipped
10327-3,Resolved
10337-7,Shipped
10350-16,Shipped
10373-8,Shipped
10386-3,Resolved
10397-2,Shipped
10414-8,On Hold
10106-10,Shipped
10119-1,Shipped
10131-2,Shipped
10143-5,Shipped
10155-3,Shipped
10168-17,Shipped
10178-2,Shipped
10198-2,Shipped
10210-15,Shipped
10222-2,Shipped
10235-11,Shipped
10250-12,Shipped
10262-7,Cancelled
10275-17,Shipped
10284-9,Shipped
10296-5,Shipped
10308-15,Shipped
10316-7,Shipped
10328-12,Shipped
10339-8,Shipped
10352-1,Shipped
10361-11,Shipped
10373-17,Shipped
10386-15,Resolved
10398-12,Shipped
10401-11,On Hold
10416-12,Shipped
10106-15,Shipped
10119-6,Shipped
10131-7,Shipped
10143-10,Shipped
10155-8,Shipped
10167-4,Cancelled
10178-7,Shipped
10186-4,Shipped
10197-1,Shipped
10209-3,Shipped
10222-7,Shipped
10249-3,Shipped
10262-12,Cancelled
10274-4,Shipped
10283-1,Shipped
10296-10,Shipped
10307-4,Shipped
10316-12,Shipped
10329-8,Shipped
10339-6,Shipped
10352-4,Shipped
10361-12,Shipped
10373-9,Shipped
10386-16,Resolved
10398-1,Shipped
10400-4,Shipped
10415-3,Disputed
10105-8,Shipped
10117-2,Shipped
10129-8,Shipped
10142-5,Shipped
10153-4,Shipped
10167-15,Cancelled
10177-6,Shipped
10185-6,Shipped
10197-12,Shipped
10208-6,Shipped
10222-18,Shipped
10232-3,Shipped
10248-9,Cancelled
10261-7,Shipped
10273-10,Shipped
10283-12,Shipped
10293-1,Shipped
10306-6,Shipped
10315-5,Shipped
10327-4,Resolved
10337-5,Shipped
10350-15,Shipped
10373-1,Shipped
10386-4,Resolved
10397-1,Shipped
10414-9,On Hold